{
    "PCA + 1-NN": {
        "accuracy": 0.9916666666666667
    },
    "LDA + 1-NN": {
        "accuracy": 0.95
    },
    "Centroid": {
        "accuracy": 0.8583333333333333
    },
    "CCA + 1-NN": {
        "accuracy": 0.9833333333333333
    }
}